"Name";"RA.hour";"RA.min";"RA.sec";"DECL.deg";"DECL.min";"DECL.sec";"Period";"Range";"N(obs)";"Dec.2020";"Jan.2021";"Feb.2021";"Mar.2021";"Apr.2021";"May.2021";"Jun.2021";"Jul.2021";"Aug.2021";"Sep.2021";"Oct.2021";"Nov.2021";"Dec.2021"
"Z PEG";"0";"0";"6.55";"25";"53";"11.2";"328.8";"<8.8-12.7>";77;"fading";"MIN(31)";"rising";"rising";"rising";"rising";"rising";"MAX(20)";"fading";"fading";"fading";"fading";"MIN(26)"
"W CET";"0";"2";"7.39";"-14";"40";"33";"350.6";"<9.1-14.6>";61;"rising";"rising";"MAX(17)";"fading";"fading";"fading";"fading";"fading";"MIN(23)";"rising";"rising";"rising";"rising"
"Y CAS";"0";"3";"21.44";"55";"40";"51.9";"413.8";"<10.6-14.5>";51;"fading";"fading";"fading";"MIN(25)";"rising";"rising";"rising";"rising";"rising";"MAX(6)";"fading";"fading";"fading"
"SV AND";"0";"4";"20.07";"40";"6";"35.7";"318.2";"<7.8-13.3>";131;"rising";"MAX(29)";"fading";"fading";"fading";"fading";"fading";"MIN(31)";"rising";"rising";"rising";"rising";"MAX(13)"
"V SCL";"0";"8";"37.33";"-39";"13";"5";"294.6";"<9.4-14.6>";18;"MIN(11)";"rising";"rising";"rising";"MAX(18)";"fading";"fading";"fading";"fading";"fading";"MIN(1)";"rising";"rising"
"SS CAS";"0";"9";"36.53";"51";"34";"0.9";"140.5";"<9.8-13.1>";121;"fading";"MIN(8)";"rising";"MAX(14)";"fading";"MIN(29)";"rising";"rising";"MAX(2)";"fading";"MIN(16)";"rising";"MAX(20)"
"S SCL";"0";"15";"22.27";"-32";"2";"43";"362.0";"<7.5-13.1>";64;"rising";"MAX(2)";"fading";"fading";"fading";"fading";"MIN(21)";"rising";"rising";"rising";"rising";"rising";"MAX(30)"
"X AND";"0";"16";"9.53";"47";"0";"45.2";"346.7";"<9.0-14.9>";51;"MIN(28)";"rising";"rising";"rising";"rising";"MAX(10)";"fading";"fading";"fading";"fading";"fading";"fading";"MIN(10)"
"T AND";"0";"22";"23.15";"26";"59";"45.8";"281.6";"<8.8-13.8>";54;"rising";"MAX(22)";"fading";"fading";"fading";"fading";"MIN(16)";"rising";"rising";"rising";"MAX(31)";"fading";"fading"
"S TUC";"0";"23";"7.68";"-61";"40";"17";"243.5";"<11.3-16.2>";2;"fading";"MIN(14)";"rising";"rising";"rising";"MAX(3)";"fading";"fading";"fading";"MIN(14)";"rising";"rising";"rising"
"T CAS";"0";"23";"14.27";"55";"47";"33.2";"442.2";"<8.1-10.3>";1051;"fading";"fading";"fading";"fading";"fading";"MIN(22)";"rising";"rising";"rising";"rising";"rising";"rising";"MAX(13)"
"R AND";"0";"24";"1.94";"38";"34";"37.3";"407.7";"<6.7-14.6>";356;"fading";"fading";"fading";"fading";"fading";"fading";"MIN(27)";"rising";"rising";"rising";"rising";"rising";"MAX(3)"
"S CET";"0";"24";"3.55";"-9";"19";"40.6";"321.0";"<7.9-13.5>";48;"rising";"rising";"rising";"MAX(2)";"fading";"fading";"fading";"MIN(28)";"rising";"rising";"rising";"rising";"rising"
"T SCL";"0";"29";"12.13";"-37";"54";"30.7";"201.9";"<9.0-13.1>";42;"fading";"MIN(17)";"rising";"rising";"MAX(12)";"fading";"fading";"fading";"MIN(7)";"rising";"MAX(31)";"fading";"fading"
"T PHE";"0";"30";"26.21";"-46";"24";"33.3";"280.8";"<9.8-15.1>";21;"fading";"fading";"fading";"fading";"fading";"MIN(1)";"rising";"rising";"MAX(25)";"fading";"fading";"fading";"fading"
"Y CEP";"0";"38";"22.79";"80";"21";"25.8";"335.2";"<9.8-15.7>";61;"fading";"fading";"fading";"fading";"fading";"MIN(9)";"rising";"rising";"rising";"MAX(23)";"fading";"fading";"fading"
"U CAS";"0";"46";"21.36";"48";"14";"38.6";"279.0";"<8.5-15.0>";130;"rising";"rising";"rising";"rising";"MAX(19)";"fading";"fading";"fading";"fading";"MIN(5)";"rising";"rising";"rising"
"RW AND";"0";"47";"18.91";"32";"41";"8.8";"431.1";"<8.2-15.8>";78;"fading";"fading";"MIN(13)";"rising";"rising";"rising";"rising";"MAX(28)";"fading";"fading";"fading";"fading";"fading"
"X SCL";"0";"49";"29.51";"-34";"54";"46";"261.5";"<10.3-14.2>";18;"rising";"MAX(4)";"fading";"fading";"fading";"MIN(19)";"rising";"rising";"rising";"MAX(22)";"fading";"fading";"fading"
"V AND";"0";"50";"6.28";"35";"39";"10.1";"257.0";"<9.4-14.4>";99;"rising";"rising";"rising";"MAX(10)";"fading";"fading";"fading";"MIN(5)";"rising";"rising";"rising";"MAX(22)";"fading"
"RR AND";"0";"51";"23.32";"34";"22";"36.8";"331.4";"<9.4-15.2>";176;"fading";"fading";"fading";"fading";"MIN(23)";"rising";"rising";"rising";"rising";"MAX(28)";"fading";"fading";"fading"
"RV CAS";"0";"52";"42.79";"47";"24";"56.4";"334.7";"<9.8-14.7>";33;"rising";"rising";"rising";"MAX(22)";"fading";"fading";"fading";"fading";"fading";"MIN(16)";"rising";"rising";"rising"
"W CAS";"0";"54";"53.85";"58";"33";"49.2";"401.7";"<9.0-11.6>";866;"fading";"fading";"fading";"fading";"fading";"fading";"MIN(19)";"rising";"rising";"rising";"rising";"rising";"MAX(29)"
"U TUC";"0";"57";"13.14";"-75";"0";"0.3";"265.5";"<8.4-13.0>";6;"rising";"rising";"MAX(16)";"fading";"fading";"fading";"fading";"MIN(21)";"rising";"rising";"rising";"MAX(8)";"fading"
"Z CET";"1";"6";"45.11";"-1";"28";"53.1";"184.4";"<9.2-13.6>";63;"rising";"MAX(3)";"fading";"fading";"MIN(11)";"rising";"rising";"MAX(6)";"fading";"fading";"MIN(13)";"rising";"rising"
"U SCL";"1";"11";"36.37";"-30";"6";"28.5";"334.7";"<9.5-15.2>";19;"fading";"fading";"fading";"fading";"fading";"MIN(27)";"rising";"rising";"rising";"MAX(23)";"fading";"fading";"fading"
"U AND";"1";"15";"29.7";"40";"43";"8.4";"348.4";"<10.6-14.8>";133;"rising";"rising";"MAX(15)";"fading";"fading";"fading";"fading";"fading";"MIN(31)";"rising";"rising";"rising";"rising"
"UZ AND";"1";"16";"11.16";"41";"44";"58.3";"314.8";"<11.4-16.3>";140;"fading";"fading";"MIN(25)";"rising";"rising";"rising";"rising";"MAX(7)";"fading";"fading";"fading";"fading";"fading"
"S PSC";"1";"17";"34.54";"8";"55";"52.6";"405.7";"<9.6-14.9>";92;"fading";"fading";"fading";"fading";"MIN(20)";"rising";"rising";"rising";"rising";"rising";"MAX(1)";"fading";"fading"
"S CAS";"1";"19";"41.97";"72";"36";"40.7";"611.6";"<9.4-15.7>";597;"fading";"fading";"fading";"fading";"fading";"fading";"fading";"fading";"fading";"fading";"fading";"MIN(23)";"rising"
"U PSC";"1";"22";"58.48";"12";"52";"3.9";"173.9";"<11.3-16.0>";163;"MAX(17)";"fading";"fading";"MIN(4)";"rising";"rising";"MAX(9)";"fading";"MIN(25)";"rising";"rising";"MAX(30)";"fading"
"RZ PER";"1";"29";"42.17";"50";"51";"24";"356.8";"<9.4-12.9>";165;"rising";"rising";"MAX(28)";"fading";"fading";"fading";"fading";"fading";"fading";"MIN(3)";"rising";"rising";"rising"
"R PSC";"1";"30";"38.32";"2";"52";"53.7";"346.7";"<8.9-17.2>";52;"fading";"fading";"MIN(26)";"rising";"rising";"rising";"rising";"MAX(11)";"fading";"fading";"fading";"fading";"fading"
"Y AND";"1";"39";"36.9";"39";"20";"34.6";"218.7";"<8.8-14.5>";69;"rising";"MAX(18)";"fading";"fading";"fading";"MIN(15)";"rising";"rising";"MAX(25)";"fading";"fading";"fading";"MIN(20)"
"X CAS";"1";"56";"38.09";"59";"15";"33.6";"424.5";"<10.6-12.1>";66;"fading";"fading";"fading";"fading";"MIN(11)";"rising";"rising";"rising";"rising";"rising";"rising";"rising";"MAX(10)"
"U PER";"1";"59";"35.1";"54";"49";"19.9";"324.4";"<8.3-11.2>";242;"fading";"fading";"fading";"MIN(5)";"rising";"rising";"rising";"rising";"MAX(6)";"fading";"fading";"fading";"fading"
"S ARI";"2";"4";"37.66";"12";"31";"37.4";"293.1";"<11.7-16.4>";24;"rising";"rising";"MAX(25)";"fading";"fading";"fading";"fading";"MIN(25)";"rising";"rising";"rising";"rising";"MAX(15)"
"R ARI";"2";"16";"7.1";"25";"3";"23.6";"186.9";"<8.1-12.9>";291;"rising";"rising";"MAX(15)";"fading";"fading";"MIN(21)";"rising";"rising";"MAX(21)";"fading";"fading";"MIN(24)";"rising"
"W AND";"2";"17";"32.95";"44";"18";"17.7";"397.6";"<8.6-14.4>";180;"fading";"MIN(20)";"rising";"rising";"rising";"rising";"rising";"MAX(13)";"fading";"fading";"fading";"fading";"fading"
"OMI CET";"2";"19";"20.78";"-2";"58";"39.5";"330.4";"<2.8-9.3>";961;"fading";"fading";"fading";"fading";"fading";"MIN(7)";"rising";"rising";"MAX(31)";"fading";"fading";"fading";"fading"
"R CET";"2";"26";"2.31";"0";"10";"41.8";"166.4";"<7.5-12.9>";44;"rising";"MAX(27)";"fading";"fading";"fading";"MIN(2)";"rising";"MAX(13)";"fading";"fading";"MIN(16)";"rising";"MAX(26)"
"Z CEP";"2";"26";"17.38";"81";"40";"41.9";"279.1";"<10.4-15.1>";110;"fading";"fading";"fading";"fading";"fading";"MIN(3)";"rising";"rising";"MAX(26)";"fading";"fading";"fading";"fading"
"RR PER";"2";"28";"29.43";"51";"16";"17.1";"390.6";"<10.2-14.2>";70;"fading";"fading";"fading";"MIN(3)";"rising";"rising";"rising";"rising";"MAX(9)";"fading";"fading";"fading";"fading"
"R FOR";"2";"29";"15.31";"-26";"5";"55.7";"386.4";"<9.8-13.0>";34;"MIN(5)";"rising";"rising";"rising";"rising";"rising";"rising";"MAX(1)";"fading";"fading";"fading";"fading";"MIN(27)"
"U CET";"2";"33";"43.66";"-13";"8";"54.3";"234.1";"<7.4-12.9>";75;"rising";"rising";"MAX(22)";"fading";"fading";"fading";"MIN(30)";"rising";"rising";"rising";"MAX(14)";"fading";"fading"
"R TRI";"2";"37";"2.33";"34";"15";"51.4";"266.9";"<6.1-11.2>";421;"MIN(7)";"rising";"rising";"rising";"MAX(17)";"fading";"fading";"fading";"MIN(31)";"rising";"rising";"rising";"rising"
"RR CEP";"2";"43";"15.46";"81";"8";"9.5";"386.3";"<11.3-15.7>";156;"fading";"MIN(24)";"rising";"rising";"rising";"rising";"MAX(27)";"fading";"fading";"fading";"fading";"fading";"fading"
"T ARI";"2";"48";"19.74";"17";"30";"33.8";"316.6";"<8.2-10.4>";191;"rising";"rising";"rising";"MAX(4)";"fading";"fading";"fading";"MIN(26)";"rising";"rising";"rising";"rising";"rising"
"R HOR";"2";"53";"52.76";"-49";"53";"22.7";"408.4";"<6.0-12.4>";47;"rising";"rising";"rising";"MAX(17)";"fading";"fading";"fading";"fading";"fading";"fading";"fading";"MIN(19)";"rising"
"T HOR";"3";"0";"52.12";"-50";"38";"31.8";"218.8";"<8.8-13.5>";21;"fading";"fading";"MIN(25)";"rising";"rising";"rising";"MAX(15)";"fading";"fading";"fading";"MIN(2)";"rising";"rising"
"U ARI";"3";"11";"3.04";"14";"48";"0.2";"368.6";"<8.1-13.9>";44;"rising";"MAX(15)";"fading";"fading";"fading";"fading";"fading";"fading";"fading";"MIN(6)";"rising";"rising";"rising"
"X CET";"3";"19";"26.07";"-1";"3";"56.1";"177.0";"<9.0-11.9>";33;"fading";"MIN(9)";"rising";"MAX(26)";"fading";"fading";"fading";"MIN(5)";"rising";"MAX(19)";"fading";"fading";"MIN(29)"
"Y PER";"3";"27";"42.38";"44";"10";"36.5";"263.5";"<9.0-9.4>";702;"rising";"MAX(29)";"fading";"fading";"fading";"fading";"fading";"MIN(12)";"rising";"rising";"MAX(20)";"fading";"fading"
"R PER";"3";"30";"3.11";"35";"40";"16.6";"210.5";"<8.0-13.2>";66;"rising";"MAX(27)";"fading";"fading";"MIN(26)";"rising";"rising";"rising";"MAX(26)";"fading";"fading";"MIN(22)";"rising"
"U ERI";"3";"50";"29.15";"-24";"57";"22.8";"274.5";"<9.1-14.4>";53;"MIN(25)";"rising";"rising";"rising";"MAX(30)";"fading";"fading";"fading";"fading";"MIN(26)";"rising";"rising";"rising"
"T ERI";"3";"55";"13.9";"-24";"1";"56.6";"252.7";"<7.9-12.6>";60;"rising";"rising";"MAX(2)";"fading";"fading";"fading";"MIN(13)";"rising";"rising";"rising";"MAX(13)";"fading";"fading"
"W ERI";"4";"11";"31.02";"-25";"8";"2.2";"369.1";"<7.9-13.3>";49;"fading";"fading";"fading";"MIN(9)";"rising";"rising";"rising";"rising";"MAX(13)";"fading";"fading";"fading";"fading"
"W TAU";"4";"27";"57.19";"16";"2";"36.2";"248.7";"<9.9-10.8>";174;"rising";"MAX(27)";"fading";"fading";"fading";"fading";"MIN(19)";"rising";"rising";"rising";"MAX(3)";"fading";"fading"
"R TAU";"4";"28";"18";"10";"9";"44.7";"323.8";"<9.0-13.7>";126;"MAX(22)";"fading";"fading";"fading";"fading";"fading";"fading";"MIN(2)";"rising";"rising";"rising";"MAX(11)";"fading"
"S TAU";"4";"29";"11.75";"9";"56";"43.5";"368.3";"<9.9-15.7>";113;"fading";"fading";"fading";"fading";"MIN(13)";"rising";"rising";"rising";"rising";"MAX(4)";"fading";"fading";"fading"
"R RET";"4";"33";"32.83";"-63";"1";"45";"278.1";"<7.4-13.3>";28;"rising";"rising";"rising";"MAX(5)";"fading";"fading";"fading";"fading";"MIN(7)";"rising";"rising";"rising";"MAX(8)"
"RX TAU";"4";"38";"14.56";"8";"20";"9.2";"337.3";"<10.9-14.6>";32;"fading";"MIN(9)";"rising";"rising";"rising";"MAX(30)";"fading";"fading";"fading";"fading";"fading";"fading";"MIN(12)"
"T CAM";"4";"40";"8.87";"66";"8";"48.5";"375.4";"<8.6-13.6>";635;"fading";"fading";"fading";"fading";"fading";"fading";"MIN(7)";"rising";"rising";"rising";"rising";"MAX(20)";"fading"
"R CAE";"4";"40";"30.09";"-38";"14";"7";"387.9";"<8.2-14.0>";36;"fading";"fading";"fading";"fading";"fading";"fading";"MIN(25)";"rising";"rising";"rising";"rising";"MAX(22)";"fading"
"X CAM";"4";"45";"42.19";"75";"6";"3.4";"143.5";"<8.2-12.7>";306;"fading";"MIN(31)";"rising";"rising";"MAX(11)";"fading";"MIN(23)";"rising";"rising";"MAX(1)";"fading";"MIN(14)";"rising"
"V TAU";"4";"52";"2.29";"17";"32";"16.8";"168.3";"<9.1-13.2>";96;"MIN(5)";"rising";"MAX(28)";"fading";"fading";"MIN(22)";"rising";"rising";"MAX(15)";"fading";"fading";"MIN(6)";"rising"
"R ORI";"4";"59";"0.55";"8";"7";"49.6";"375.3";"<9.7-13.1>";115;"rising";"rising";"rising";"MAX(4)";"fading";"fading";"fading";"fading";"fading";"MIN(3)";"rising";"rising";"rising"
"R LEP";"4";"59";"36.34";"-14";"48";"22.5";"426.9";"<6.8-9.2>";270;"MAX(27)";"fading";"fading";"fading";"fading";"fading";"MIN(11)";"rising";"rising";"rising";"rising";"rising";"rising"
"T LEP";"5";"4";"50.83";"-21";"54";"16.4";"366.1";"<8.6-12.9>";57;"rising";"rising";"rising";"MAX(5)";"fading";"fading";"fading";"fading";"MIN(6)";"rising";"rising";"rising";"rising"
"V ORI";"5";"6";"3.43";"4";"6";"8.7";"267.4";"<9.4-14.0>";106;"MAX(20)";"fading";"fading";"fading";"MIN(22)";"rising";"rising";"rising";"rising";"MAX(14)";"fading";"fading";"fading"
"S PIC";"5";"10";"57.25";"-48";"30";"25.4";"432.8";"<8.9-14.6>";19;"fading";"fading";"fading";"fading";"fading";"MIN(11)";"rising";"rising";"rising";"rising";"rising";"MAX(2)";"fading"
"T PIC";"5";"15";"5.86";"-46";"55";"4.7";"201.1";"<8.5-14.0>";17;"rising";"MAX(6)";"fading";"fading";"MIN(22)";"rising";"rising";"MAX(26)";"fading";"fading";"fading";"MIN(10)";"rising"
"R AUR";"5";"17";"17.69";"53";"35";"10.1";"459.8";"<8.1-13.4>";607;"fading";"fading";"fading";"fading";"MIN(5)";"rising";"rising";"rising";"rising";"rising";"rising";"rising";"rising"
"T COL";"5";"19";"17.32";"-33";"42";"29";"224.4";"<7.2-11.5>";58;"fading";"fading";"fading";"MIN(10)";"rising";"rising";"rising";"MAX(8)";"fading";"fading";"MIN(20)";"rising";"rising"
"R OCT";"5";"26";"6.18";"-86";"23";"17.8";"401.1";"<7.9-12.4>";16;"MIN(25)";"rising";"rising";"rising";"rising";"rising";"rising";"MAX(12)";"fading";"fading";"fading";"fading";"fading"
"W AUR";"5";"26";"54.56";"36";"54";"11.1";"274.5";"<8.6-14.8>";130;"MIN(3)";"rising";"rising";"MAX(20)";"fading";"fading";"fading";"fading";"fading";"MIN(3)";"rising";"rising";"MAX(19)"
"S ORI";"5";"29";"0.89";"-4";"41";"32.7";"415.1";"<8.5-12.5>";468;"fading";"fading";"fading";"fading";"fading";"MIN(14)";"rising";"rising";"rising";"rising";"rising";"rising";"MAX(29)"
"RU AUR";"5";"40";"7.93";"37";"38";"10.6";"468.7";"<9.5-14.8>";139;"fading";"fading";"fading";"fading";"MIN(1)";"rising";"rising";"rising";"rising";"rising";"MAX(7)";"fading";"fading"
"S CAM";"5";"41";"2.48";"68";"47";"54.9";"327.8";"<8.6-10.2>";97;"fading";"MIN(26)";"rising";"rising";"rising";"rising";"rising";"rising";"MAX(8)";"fading";"fading";"fading";"MIN(19)"
"U AUR";"5";"42";"9.06";"32";"2";"23.3";"411.0";"<8.5-13.4>";130;"fading";"fading";"fading";"fading";"MIN(26)";"rising";"rising";"rising";"rising";"MAX(27)";"fading";"fading";"fading"
"S COL";"5";"46";"56.3";"-31";"41";"28.3";"324.1";"<9.8-14.2>";41;"fading";"fading";"fading";"fading";"MIN(16)";"rising";"rising";"rising";"MAX(27)";"fading";"fading";"fading";"fading"
"R COL";"5";"50";"32.98";"-29";"11";"54.8";"327.0";"<8.6-14.7>";40;"fading";"fading";"MIN(22)";"rising";"rising";"rising";"rising";"MAX(3)";"fading";"fading";"fading";"fading";"fading"
"Z TAU";"5";"52";"24.85";"15";"47";"43.8";"447.0";"<10.6-14.3>";63;"rising";"rising";"rising";"rising";"MAX(22)";"fading";"fading";"fading";"fading";"MIN(26)";"rising";"rising";"MAX(14)"
"RU TAU";"5";"52";"36.79";"15";"58";"14.4";"575.5";"<11.1-15.8>";175;"MIN(16)";"rising";"rising";"rising";"rising";"rising";"rising";"rising";"rising";"rising";"rising";"MAX(12)";"fading"
"U ORI";"5";"55";"49.16";"20";"10";"30.6";"370.8";"<6.8-12.7>";761;"fading";"MIN(14)";"rising";"rising";"rising";"rising";"MAX(12)";"fading";"fading";"fading";"fading";"fading";"fading"
"V CAM";"6";"2";"32.28";"74";"30";"27.2";"524.5";"<9.0-14.6>";661;"fading";"fading";"fading";"fading";"fading";"fading";"MIN(12)";"rising";"rising";"rising";"rising";"rising";"rising"
"X AUR";"6";"12";"13.38";"50";"13";"40.4";"163.6";"<8.4-13.0>";320;"MIN(17)";"rising";"rising";"MAX(11)";"fading";"MIN(30)";"rising";"rising";"MAX(22)";"fading";"fading";"MIN(9)";"rising"
"V MON";"6";"22";"43.57";"-2";"11";"43.5";"335.5";"<6.7-13.3>";93;"rising";"rising";"MAX(20)";"fading";"fading";"fading";"fading";"fading";"MIN(30)";"rising";"rising";"rising";"rising"
"V AUR";"6";"24";"2.33";"47";"42";"23.9";"350.0";"<8.6-11.0>";208;"rising";"rising";"rising";"rising";"rising";"MAX(31)";"fading";"fading";"fading";"fading";"MIN(22)";"rising";"rising"
"U LYN";"6";"40";"46.45";"59";"52";"1.8";"435.6";"<10.0-14.0>";202;"fading";"fading";"fading";"MIN(17)";"rising";"rising";"rising";"rising";"rising";"rising";"MAX(21)";"fading";"fading"
"S LYN";"6";"44";"34.1";"57";"54";"39.8";"298.0";"<9.9-14.2>";244;"rising";"MAX(13)";"fading";"fading";"fading";"fading";"MIN(28)";"rising";"rising";"rising";"rising";"MAX(7)";"fading"
"X GEM";"6";"47";"7.05";"30";"16";"34.2";"264.3";"<8.6-12.7>";42;"MIN(16)";"rising";"rising";"rising";"rising";"MAX(19)";"fading";"fading";"fading";"MIN(7)";"rising";"rising";"rising"
"Y MON";"6";"56";"52.14";"11";"14";"32.3";"228.2";"<9.3-13.9>";47;"MAX(11)";"fading";"fading";"MIN(29)";"rising";"rising";"rising";"MAX(28)";"fading";"fading";"fading";"MIN(12)";"rising"
"X MON";"6";"57";"11.81";"-9";"3";"52";"153.7";"<7.6-9.0>";215;"MIN(21)";"rising";"MAX(16)";"MAX(24)";"fading";"MIN(23)";"rising";"MAX(20)";"MAX(24)";"fading";"MIN(24)";"rising";"MAX(21)"
"R LYN";"7";"1";"18";"55";"19";"49.8";"374.2";"<7.9-13.2>";599;"fading";"fading";"fading";"fading";"MIN(14)";"rising";"rising";"rising";"rising";"MAX(19)";"fading";"fading";"fading"
"R VOL";"7";"5";"36.19";"-73";"0";"51.9";"450.4";"<9.5-11.9>";10;"rising";"rising";"rising";"rising";"rising";"MAX(18)";"fading";"fading";"fading";"fading";"fading";"fading";"fading"
"V CMI";"7";"6";"58.84";"8";"52";"36.8";"365.2";"<9.2-16.2>";170;"rising";"MAX(30)";"fading";"fading";"fading";"fading";"fading";"fading";"fading";"MIN(26)";"rising";"rising";"rising"
"R GEM";"7";"7";"21.27";"22";"42";"12.7";"369.5";"<7.4-13.8>";437;"rising";"rising";"rising";"MAX(15)";"fading";"fading";"fading";"fading";"fading";"fading";"fading";"MIN(4)";"rising"
"R CMI";"7";"8";"42.6";"10";"1";"26.5";"338.5";"<7.5-10.5>";241;"rising";"MAX(8)";"fading";"fading";"fading";"fading";"fading";"MIN(23)";"rising";"rising";"rising";"rising";"MAX(12)"
"RR MON";"7";"17";"31.49";"1";"5";"41.9";"398.1";"<9.5-16.1>";127;"rising";"MAX(23)";"fading";"fading";"fading";"fading";"fading";"fading";"fading";"MIN(24)";"rising";"rising";"rising"
"V GEM";"7";"23";"9.35";"13";"6";"4.7";"277.1";"<8.5-14.3>";95;"rising";"MAX(15)";"fading";"fading";"fading";"MIN(27)";"rising";"rising";"rising";"rising";"MAX(19)";"fading";"fading"
"S VOL";"7";"29";"45.58";"-73";"22";"44";"398.8";"<9.5-14.0>";5;"rising";"rising";"rising";"rising";"rising";"MAX(7)";"fading";"fading";"fading";"fading";"MIN(2)";"rising";"rising"
"Z PUP";"7";"32";"38.05";"-20";"39";"29.3";"511.6";"<8.7-14.6>";80;"fading";"fading";"fading";"fading";"fading";"fading";"MIN(12)";"rising";"rising";"rising";"rising";"rising";"MAX(22)"
"S CMI";"7";"32";"43.07";"8";"19";"5.1";"331.9";"<7.7-12.2>";294;"MAX(26)";"fading";"fading";"fading";"fading";"MIN(27)";"rising";"rising";"rising";"rising";"rising";"MAX(23)";"fading"
"T CMI";"7";"34";"0.46";"11";"44";"7.1";"325.7";"<10.2-14.9>";92;"rising";"rising";"rising";"rising";"MAX(27)";"fading";"fading";"fading";"fading";"MIN(28)";"rising";"rising";"rising"
"U CMI";"7";"41";"20.03";"8";"22";"49.1";"412.6";"<9.4-12.6>";69;"rising";"MAX(8)";"fading";"fading";"fading";"MIN(26)";"rising";"rising";"rising";"rising";"MAX(12)";"fading";"MIN(23)"
"S GEM";"7";"43";"2.56";"23";"26";"58.2";"293.1";"<8.7-13.4>";69;"MIN(23)";"MAX(2)";"MIN(28)";"rising";"rising";"rising";"MAX(17)";"fading";"fading";"fading";"MAX(22)";"fading";"MIN(18)"
"W PUP";"7";"45";"57.36";"-42";"11";"44";"119.8";"<8.1-12.5>";44;"rising";"MAX(29)";"fading";"MIN(27)";"rising";"MAX(29)";"fading";"MIN(25)";"rising";"MAX(26)";"fading";"MIN(21)";"rising"
"T GEM";"7";"49";"18.13";"23";"44";"3.8";"287.8";"<8.4-13.9>";68;"fading";"MIN(25)";"rising";"rising";"rising";"rising";"MAX(2)";"fading";"fading";"fading";"fading";"MIN(9)";"rising"
"U PUP";"8";"0";"50.49";"-12";"50";"29.1";"315.1";"<8.5-13.6>";57;"fading";"fading";"MIN(25)";"rising";"rising";"rising";"MAX(26)";"fading";"fading";"fading";"fading";"fading";"fading"
"R CNC";"8";"16";"33.82";"11";"43";"34.5";"363.0";"<7.9-11.4>";187;"fading";"fading";"MIN(1)";"rising";"rising";"rising";"rising";"rising";"MAX(13)";"fading";"fading";"fading";"fading"
"V CNC";"8";"21";"42.85";"17";"17";"6.7";"271.6";"<8.7-13.3>";92;"rising";"rising";"MAX(22)";"fading";"fading";"fading";"fading";"MIN(25)";"rising";"rising";"rising";"MAX(21)";"fading"
"R CHA";"8";"21";"46.47";"-76";"21";"18.2";"335.9";"<9.4-15.4>";5;"fading";"MIN(24)";"rising";"rising";"rising";"rising";"MAX(15)";"fading";"fading";"fading";"fading";"fading";"MIN(26)"
"U CNC";"8";"35";"46.28";"18";"53";"44.6";"309.6";"<10.1-16.9>";140;"rising";"rising";"rising";"rising";"MAX(11)";"fading";"fading";"fading";"fading";"MIN(27)";"rising";"rising";"rising"
"X UMA";"8";"40";"49.49";"50";"8";"11.7";"250.2";"<10.3-15.4>";148;"fading";"fading";"fading";"MIN(21)";"rising";"rising";"rising";"MAX(8)";"fading";"fading";"fading";"MIN(26)";"rising"
"S HYA";"8";"53";"33.95";"3";"4";"6.4";"259.5";"<8.6-13.3>";93;"fading";"fading";"fading";"MIN(18)";"rising";"rising";"rising";"MAX(30)";"fading";"fading";"fading";"fading";"MIN(3)"
"T HYA";"8";"55";"39.83";"-9";"8";"29.2";"288.1";"<8.3-12.5>";117;"rising";"MAX(21)";"fading";"fading";"fading";"fading";"MIN(8)";"rising";"rising";"rising";"rising";"MAX(5)";"fading"
"S PYX";"9";"5";"4.6";"-25";"5";"19.7";"206.2";"<9.2-14.0>";35;"rising";"MAX(30)";"fading";"fading";"fading";"MIN(4)";"rising";"rising";"MAX(24)";"fading";"fading";"MIN(26)";"rising"
"W CNC";"9";"9";"52.61";"25";"14";"53.8";"387.4";"<9.2-14.4>";47;"fading";"fading";"fading";"fading";"fading";"MIN(29)";"rising";"rising";"rising";"rising";"rising";"MAX(11)";"fading"
"RW CAR";"9";"19";"36.09";"-68";"45";"28.1";"319.2";"<10.5-15.7>";5;"MIN(31)";"rising";"rising";"rising";"rising";"MAX(16)";"fading";"fading";"fading";"fading";"fading";"MIN(15)";"rising"
"Y VEL";"9";"29";"1.42";"-52";"10";"54";"448.1";"<10.2-14.8>";7;"fading";"fading";"fading";"fading";"fading";"fading";"MIN(8)";"rising";"rising";"rising";"rising";"MAX(24)";"fading"
"R CAR";"9";"32";"14.59";"-62";"47";"20";"306.8";"<4.5-9.1>";215;"MAX(7)";"fading";"fading";"fading";"fading";"MIN(29)";"rising";"rising";"rising";"rising";"MAX(10)";"fading";"fading"
"X HYA";"9";"35";"30.25";"-14";"41";"28.6";"301.1";"<8.8-12.4>";64;"fading";"fading";"MIN(17)";"rising";"rising";"rising";"rising";"MAX(6)";"fading";"fading";"fading";"fading";"MIN(16)"
"Y DRA";"9";"42";"22.72";"77";"51";"7.4";"325.2";"<9.1-14.7>";115;"MAX(2)";"fading";"fading";"fading";"fading";"fading";"MIN(21)";"rising";"rising";"rising";"MAX(23)";"fading";"fading"
"RR HYA";"9";"44";"58.96";"-24";"1";"15.7";"349.2";"<9.0-13.1>";44;"rising";"rising";"rising";"MAX(23)";"fading";"fading";"fading";"fading";"fading";"MIN(9)";"rising";"rising";"rising"
"R LMI";"9";"45";"34.27";"34";"30";"42.8";"371.0";"<7.9-12.4>";309;"fading";"MIN(13)";"rising";"rising";"rising";"rising";"MAX(6)";"fading";"fading";"fading";"fading";"fading";"fading"
"R LEO";"9";"47";"33.49";"11";"25";"43.7";"307.7";"<5.2-9.6>";1428;"fading";"fading";"fading";"fading";"MIN(14)";"rising";"rising";"rising";"MAX(20)";"fading";"fading";"fading";"fading"
"Z VEL";"9";"52";"54.28";"-54";"10";"47.8";"414.2";"<10.0-14.3>";11;"rising";"rising";"rising";"MAX(23)";"fading";"fading";"fading";"fading";"fading";"MIN(25)";"rising";"rising";"rising"
"S LMI";"9";"53";"43.16";"34";"55";"35.3";"236.2";"<8.7-13.5>";88;"MIN(21)";"rising";"rising";"rising";"MAX(3)";"fading";"fading";"fading";"MIN(14)";"rising";"rising";"MAX(25)";"fading"
"U LMI";"9";"54";"38.63";"36";"5";"23.8";"277.9";"<10.6-11.2>";204;"rising";"MAX(12)";"fading";"MIN(28)";"rising";"rising";"MAX(4)";"fading";"MIN(3)";"rising";"MAX(17)";"fading";"MIN(31)"
"RV CAR";"9";"58";"20.86";"-63";"53";"51.6";"364.1";"<12.2-21.1>";0;"MAX(16)";"fading";"fading";"fading";"fading";"fading";"fading";"fading";"MIN(10)";"rising";"rising";"rising";"MAX(15)"
"V LEO";"10";"0";"1.91";"21";"15";"44.3";"271.6";"<9.5-14.6>";148;"fading";"fading";"MIN(20)";"rising";"rising";"rising";"MAX(11)";"fading";"fading";"fading";"fading";"MIN(19)";"rising"
"S CAR";"10";"9";"21.89";"-61";"32";"56.3";"149.5";"<5.7-8.5>";311;"MAX(5)";"fading";"MIN(12)";"rising";"rising";"MAX(3)";"fading";"MIN(11)";"rising";"MAX(30)";"fading";"fading";"MIN(8)"
"Z CAR";"10";"13";"54.61";"-58";"51";"8.4";"382.5";"<11.6-15.4>";5;"rising";"rising";"rising";"rising";"rising";"rising";"rising";"MAX(10)";"fading";"fading";"fading";"fading";"MIN(11)"
"W VEL";"10";"15";"14.83";"-54";"28";"41.9";"392.2";"<8.3-13.6>";5;"fading";"fading";"fading";"fading";"fading";"fading";"fading";"MIN(4)";"rising";"rising";"rising";"rising";"MAX(11)"
"S SEX";"10";"34";"56.04";"0";"20";"33.5";"263.0";"<9.4-13.6>";81;"rising";"rising";"rising";"rising";"MAX(14)";"fading";"fading";"fading";"MIN(12)";"rising";"rising";"rising";"rising"
"RZ CAR";"10";"35";"37.25";"-70";"43";"0.1";"269.6";"<9.5-16.9>";7;"fading";"fading";"fading";"fading";"fading";"MIN(12)";"rising";"rising";"MAX(21)";"fading";"fading";"fading";"fading"
"R UMA";"10";"44";"38.46";"68";"46";"32.7";"301.0";"<7.4-13.2>";532;"fading";"fading";"fading";"fading";"MIN(20)";"rising";"rising";"rising";"MAX(16)";"fading";"fading";"fading";"fading"
"RS HYA";"10";"51";"19.05";"-28";"37";"41.3";"339.2";"<10.0-14.1>";14;"rising";"rising";"rising";"rising";"MAX(12)";"fading";"fading";"fading";"fading";"MIN(26)";"rising";"rising";"rising"
"W LEO";"10";"53";"37.44";"13";"42";"54.2";"389.0";"<9.9-15.5>";53;"fading";"fading";"MIN(21)";"rising";"rising";"rising";"rising";"rising";"rising";"rising";"MAX(17)";"fading";"fading"
"S LEO";"11";"10";"50.77";"5";"27";"34.8";"188.9";"<10.5-13.9>";196;"MIN(23)";"rising";"rising";"MAX(22)";"fading";"fading";"MIN(30)";"rising";"rising";"MAX(27)";"fading";"fading";"fading"
"X CEN";"11";"49";"11.79";"-41";"45";"27.2";"317.0";"<8.4-14.0>";9;"fading";"fading";"fading";"fading";"fading";"MIN(20)";"rising";"rising";"rising";"MAX(13)";"fading";"fading";"fading"
"W CEN";"11";"55";"1.33";"-59";"15";"13.4";"199.6";"<10.0-14.9>";6;"MIN(29)";"rising";"rising";"MAX(13)";"fading";"fading";"fading";"MIN(16)";"rising";"MAX(29)";"fading";"fading";"fading"
"R COM";"12";"4";"15.19";"18";"46";"56.7";"363.6";"<9.1-14.9>";69;"fading";"fading";"fading";"fading";"MIN(3)";"rising";"rising";"rising";"MAX(17)";"fading";"fading";"fading";"fading"
"SU VIR";"12";"5";"14.79";"12";"21";"38";"206.8";"<9.4-14.2>";148;"MAX(3)";"fading";"fading";"MIN(20)";"rising";"rising";"MAX(27)";"fading";"fading";"fading";"MIN(13)";"rising";"rising"
"T VIR";"12";"14";"36.67";"-6";"2";"8.7";"338.6";"<10.2-15.1>";71;"rising";"rising";"MAX(14)";"fading";"fading";"fading";"fading";"fading";"fading";"MIN(22)";"rising";"rising";"rising"
"R CRV";"12";"19";"37.86";"-19";"15";"21.8";"316.6";"<8.6-13.7>";113;"rising";"rising";"rising";"rising";"MAX(12)";"fading";"fading";"fading";"fading";"fading";"MIN(3)";"rising";"rising"
"SS VIR";"12";"25";"14.4";"0";"46";"10.9";"349.6";"<7.1-8.7>";460;"fading";"fading";"fading";"fading";"fading";"fading";"MIN(14)";"rising";"rising";"rising";"rising";"MAX(12)";"fading"
"T CVN";"12";"30";"12.4";"31";"30";"11.9";"292.2";"<9.7-11.0>";154;"fading";"fading";"fading";"MIN(8)";"rising";"rising";"rising";"MAX(23)";"fading";"fading";"fading";"fading";"MIN(25)"
"U CEN";"12";"33";"30.75";"-54";"39";"33.8";"220.5";"<8.7-14.1>";20;"MIN(6)";"rising";"rising";"MAX(24)";"fading";"fading";"fading";"MIN(15)";"rising";"rising";"MAX(31)";"fading";"fading"
"Y VIR";"12";"33";"52.99";"-4";"25";"19.5";"217.5";"<10.0-14.3>";76;"MIN(7)";"rising";"rising";"rising";"MAX(1)";"fading";"fading";"MIN(12)";"rising";"rising";"rising";"MAX(5)";"fading"
"T UMA";"12";"36";"23.47";"59";"29";"12.9";"255.6";"<7.1-12.5>";731;"MAX(18)";"fading";"fading";"fading";"fading";"MIN(9)";"rising";"rising";"MAX(31)";"fading";"fading";"fading";"fading"
"R VIR";"12";"38";"29.94";"6";"59";"18.9";"145.1";"<6.8-11.5>";450;"MIN(11)";"rising";"rising";"MAX(2)";"fading";"MIN(5)";"rising";"MAX(25)";"fading";"MIN(28)";"rising";"rising";"MAX(17)"
"RS UMA";"12";"38";"57.55";"58";"29";"0.2";"258.4";"<9.2-14.8>";355;"rising";"rising";"MAX(9)";"fading";"fading";"fading";"fading";"MIN(10)";"rising";"rising";"MAX(25)";"fading";"fading"
"S UMA";"12";"43";"56.66";"61";"5";"35.4";"226.8";"<8.0-11.8>";939;"fading";"MIN(31)";"rising";"rising";"rising";"MAX(12)";"fading";"fading";"fading";"MIN(15)";"rising";"rising";"MAX(25)"
"RU VIR";"12";"47";"18.4";"4";"8";"41.3";"433.2";"<9.4-11.8>";146;"fading";"fading";"fading";"fading";"fading";"fading";"MIN(14)";"rising";"rising";"rising";"rising";"rising";"rising"
"U VIR";"12";"51";"5.74";"5";"33";"11.5";"208.0";"<8.9-14.4>";85;"MAX(31)";"fading";"fading";"fading";"MIN(12)";"rising";"rising";"MAX(27)";"fading";"fading";"fading";"MIN(6)";"rising"
"RV VIR";"13";"7";"55.39";"-13";"9";"58.8";"269.8";"<12.6-18.1>";81;"fading";"fading";"fading";"fading";"MIN(6)";"rising";"rising";"MAX(28)";"fading";"fading";"fading";"fading";"fading"
"V CVN";"13";"19";"27.77";"45";"31";"37.7";"188.4";"<7.2-7.6>";851;"rising";"rising";"MAX(18)";"fading";"fading";"MIN(8)";"rising";"rising";"MAX(25)";"fading";"fading";"MIN(12)";"rising"
"U OCT";"13";"24";"32.62";"-84";"13";"30.9";"305.9";"<8.9-13.6>";10;"fading";"fading";"fading";"fading";"MIN(25)";"rising";"rising";"rising";"rising";"MAX(9)";"fading";"fading";"fading"
"V VIR";"13";"27";"48.13";"-3";"10";"22.8";"251.1";"<9.3-15.0>";92;"fading";"fading";"fading";"MIN(4)";"rising";"rising";"MAX(28)";"fading";"fading";"fading";"fading";"MIN(10)";"rising"
"R HYA";"13";"29";"42.77";"-23";"16";"52.7";"358.2";"<5.5-7.7>";199;"fading";"fading";"fading";"MIN(17)";"rising";"rising";"rising";"rising";"MAX(13)";"fading";"fading";"fading";"fading"
"S VIR";"13";"33";"0.11";"-7";"11";"40.9";"375.0";"<7.7-12.8>";198;"fading";"MIN(19)";"rising";"rising";"rising";"rising";"MAX(5)";"fading";"fading";"fading";"fading";"fading";"fading"
"RV CEN";"13";"37";"36.04";"-56";"28";"35";"438.4";"<7.5-9.2>";63;"rising";"rising";"rising";"MAX(13)";"fading";"fading";"fading";"fading";"fading";"MIN(9)";"rising";"rising";"rising"
"T CEN";"13";"41";"45.55";"-33";"35";"50.6";"96.0";"<6.5-7.9>";225;"MAX(9)";"MIN(11)";"rising";"MAX(15)";"MIN(17)";"rising";"MAX(19)";"MIN(22)";"rising";"MAX(23)";"MIN(26)";"rising";"MAX(28)"
"RT CEN";"13";"48";"20.95";"-36";"51";"45.2";"254.3";"<9.7-11.3>";34;"MAX(31)";"fading";"fading";"fading";"MIN(7)";"rising";"rising";"rising";"rising";"MAX(11)";"fading";"fading";"MIN(17)"
"R CVN";"13";"48";"57.05";"39";"32";"33.2";"326.6";"<7.3-11.5>";366;"MIN(7)";"rising";"rising";"rising";"rising";"MAX(24)";"fading";"fading";"fading";"fading";"MIN(29)";"rising";"rising"
"RX CEN";"13";"51";"25.44";"-36";"56";"37.7";"326.6";"<10.1-14.8>";23;"fading";"fading";"fading";"fading";"fading";"fading";"MIN(14)";"rising";"rising";"rising";"MAX(11)";"fading";"fading"
"T APS";"13";"55";"51.18";"-77";"48";"8.3";"263.5";"<8.4-13.6>";6;"fading";"fading";"fading";"MIN(27)";"rising";"rising";"rising";"MAX(27)";"fading";"fading";"fading";"fading";"MIN(15)"
"RR VIR";"14";"4";"53.43";"-9";"11";"41.3";"214.7";"<11.2-16.2>";34;"MIN(13)";"rising";"rising";"MAX(28)";"fading";"fading";"fading";"MIN(16)";"rising";"rising";"MAX(29)";"fading";"fading"
"Z BOO";"14";"6";"29.54";"13";"29";"5.7";"284.0";"<9.2-14.4>";36;"fading";"fading";"MIN(16)";"rising";"rising";"rising";"MAX(4)";"fading";"fading";"fading";"fading";"MIN(27)";"rising"
"Z VIR";"14";"10";"21.4";"-13";"18";"14.6";"303.8";"<10.0-15.5>";48;"fading";"fading";"MIN(14)";"rising";"rising";"rising";"MAX(23)";"fading";"fading";"fading";"fading";"fading";"MIN(15)"
"RU HYA";"14";"11";"34.39";"-28";"53";"7.4";"331.5";"<7.7-13.7>";40;"fading";"fading";"MIN(17)";"rising";"rising";"rising";"MAX(30)";"fading";"fading";"fading";"fading";"fading";"fading"
"U UMI";"14";"17";"19.9";"66";"47";"39.1";"328.3";"<8.2-11.5>";403;"MIN(7)";"rising";"rising";"rising";"rising";"MAX(7)";"fading";"fading";"fading";"fading";"MIN(31)";"rising";"rising"
"R CAM";"14";"17";"51.03";"83";"49";"53.7";"269.2";"<9.0-12.3>";320;"MIN(20)";"rising";"rising";"rising";"MAX(18)";"fading";"fading";"fading";"fading";"MIN(15)";"rising";"rising";"rising"
"S BOO";"14";"22";"52.91";"53";"48";"37.2";"270.6";"<8.8-13.3>";224;"rising";"rising";"rising";"rising";"MAX(11)";"fading";"fading";"fading";"MIN(13)";"rising";"rising";"rising";"rising"
"RS VIR";"14";"27";"16.39";"4";"40";"41";"355.5";"<9.3-14.5>";58;"MAX(6)";"fading";"fading";"fading";"fading";"fading";"fading";"MIN(11)";"rising";"rising";"rising";"MAX(27)";"fading"
"V BOO";"14";"29";"45.27";"38";"51";"40.6";"260.3";"<7.8-9.4>";710;"rising";"rising";"rising";"rising";"rising";"MAX(9)";"fading";"fading";"MIN(11)";"rising";"rising";"rising";"rising"
"R BOO";"14";"37";"11.57";"26";"44";"11.6";"224.3";"<7.2-12.2>";408;"MIN(4)";"rising";"rising";"MAX(26)";"fading";"fading";"fading";"MIN(16)";"rising";"rising";"rising";"MAX(6)";"fading"
"V LIB";"14";"40";"22.18";"-17";"39";"27.1";"255.6";"<10.3-14.9>";42;"MAX(9)";"fading";"fading";"fading";"fading";"MIN(3)";"rising";"rising";"MAX(22)";"fading";"fading";"fading";"fading"
"S LUP";"14";"53";"26.4";"-46";"36";"56.8";"332.9";"<10.1-15.5>";9;"rising";"MAX(8)";"fading";"fading";"fading";"fading";"fading";"MIN(28)";"rising";"rising";"rising";"rising";"MAX(7)"
"U BOO";"14";"54";"19.96";"17";"41";"43.6";"204.2";"<10.3-11.2>";211;"MIN(12)";"rising";"MAX(6)";"fading";"MIN(5)";"MAX(27)";"fading";"MIN(5)";"MAX(29)";"fading";"MIN(26)";"rising";"MAX(17)"
"Y LUP";"14";"59";"36.8";"-54";"57";"56.8";"403.0";"<10.3-15.2>";7;"rising";"rising";"MAX(28)";"fading";"fading";"fading";"fading";"fading";"fading";"fading";"MIN(27)";"rising";"rising"
"RT LIB";"15";"6";"26.23";"-18";"43";"56.3";"255.7";"<8.6-14.3>";49;"MIN(13)";"rising";"rising";"rising";"MAX(3)";"fading";"fading";"fading";"MIN(26)";"rising";"rising";"rising";"MAX(15)"
"T LIB";"15";"10";"44.35";"-20";"1";"8.6";"236.8";"<11.2-15.4>";34;"fading";"fading";"fading";"fading";"MIN(8)";"rising";"rising";"MAX(14)";"fading";"fading";"fading";"fading";"MIN(1)"
"Y LIB";"15";"11";"41.3";"-6";"0";"41.3";"276.1";"<9.4-15.6>";57;"rising";"MAX(28)";"fading";"fading";"fading";"fading";"fading";"MIN(15)";"rising";"rising";"MAX(31)";"fading";"fading"
"S CRB";"15";"21";"23.95";"31";"22";"2.6";"361.0";"<7.9-13.0>";470;"fading";"fading";"fading";"MIN(29)";"rising";"rising";"rising";"rising";"MAX(9)";"fading";"fading";"fading";"fading"
"S LIB";"15";"21";"23.98";"-20";"23";"18.3";"190.7";"<8.7-12.2>";67;"MIN(31)";"rising";"rising";"rising";"MAX(29)";"fading";"fading";"MIN(9)";"rising";"rising";"rising";"MAX(6)";"fading"
"S SER";"15";"21";"39.53";"14";"18";"53.1";"369.8";"<9.0-13.5>";127;"fading";"fading";"fading";"MIN(16)";"rising";"rising";"rising";"rising";"rising";"rising";"MAX(20)";"fading";"fading"
"RS LIB";"15";"24";"19.78";"-22";"54";"39.8";"218.3";"<7.9-11.9>";55;"fading";"fading";"fading";"MIN(18)";"rising";"rising";"MAX(20)";"fading";"fading";"fading";"MIN(22)";"rising";"rising"
"S UMI";"15";"29";"34.56";"78";"38";"0.3";"325.1";"<8.6-11.5>";652;"MAX(7)";"fading";"fading";"fading";"fading";"MIN(18)";"rising";"rising";"rising";"rising";"MAX(28)";"fading";"fading"
"RU LIB";"15";"33";"16.5";"-15";"19";"35";"316.0";"<8.4-13.8>";46;"rising";"rising";"MAX(11)";"fading";"fading";"fading";"fading";"MIN(28)";"rising";"rising";"rising";"rising";"MAX(24)"
"X LIB";"15";"36";"12.66";"-21";"9";"3.8";"165.3";"<10.8-14.4>";35;"MAX(17)";"fading";"fading";"MIN(17)";"rising";"MAX(31)";"fading";"fading";"MIN(29)";"rising";"rising";"MAX(12)";"fading"
"W LIB";"15";"37";"47.94";"-16";"9";"57.3";"201.7";"<11.1-14.7>";31;"fading";"fading";"MIN(11)";"rising";"rising";"rising";"MAX(5)";"fading";"MIN(31)";"rising";"rising";"rising";"MAX(24)"
"U LIB";"15";"42";"3.14";"-21";"10";"50.6";"227.5";"<9.5-14.5>";47;"fading";"fading";"MIN(18)";"rising";"rising";"MAX(25)";"fading";"fading";"fading";"fading";"MIN(3)";"rising";"rising"
"T NOR";"15";"44";"3.83";"-54";"59";"12.5";"241.0";"<7.8-13.6>";23;"fading";"fading";"fading";"MIN(31)";"rising";"rising";"rising";"MAX(13)";"fading";"fading";"fading";"MIN(27)";"rising"
"X CRB";"15";"48";"53.52";"36";"14";"52.5";"240.4";"<9.3-13.5>";101;"MIN(20)";"rising";"rising";"rising";"MAX(10)";"fading";"fading";"fading";"MIN(17)";"rising";"rising";"rising";"MAX(7)"
"V CRB";"15";"49";"31.31";"39";"34";"17.9";"359.1";"<8.2-11.2>";240;"fading";"fading";"fading";"fading";"fading";"MIN(14)";"rising";"rising";"rising";"rising";"MAX(5)";"fading";"fading"
"R SER";"15";"50";"41.73";"15";"8";"1.1";"353.9";"<6.3-12.7>";528;"fading";"MIN(1)";"rising";"rising";"rising";"MAX(16)";"fading";"fading";"fading";"fading";"fading";"fading";"MIN(21)"
"R LUP";"15";"53";"28.93";"-36";"17";"52.1";"235.3";"<10.4-14.6>";9;"fading";"fading";"MIN(27)";"rising";"rising";"rising";"MAX(16)";"fading";"fading";"fading";"MIN(20)";"rising";"rising"
"R LIB";"15";"53";"36.03";"-16";"14";"11.3";"243.4";"<11.8-16.2>";31;"fading";"fading";"fading";"MIN(2)";"rising";"rising";"MAX(24)";"fading";"fading";"fading";"MIN(31)";"rising";"rising"
"Z CRB";"15";"56";"8.35";"29";"14";"17.9";"250.9";"<9.2-14.6>";130;"MIN(30)";"rising";"rising";"rising";"MAX(14)";"fading";"fading";"fading";"fading";"MIN(7)";"rising";"rising";"MAX(21)"
"RR LIB";"15";"56";"23.7";"-18";"18";"14.9";"278.6";"<9.3-14.5>";27;"MIN(25)";"rising";"rising";"rising";"rising";"MAX(24)";"fading";"fading";"fading";"MIN(30)";"rising";"rising";"rising"
"RZ SCO";"16";"4";"36.13";"-24";"6";"0.6";"158.0";"<9.4-12.7>";44;"rising";"rising";"MAX(5)";"fading";"fading";"MIN(6)";"rising";"MAX(13)";"fading";"fading";"MIN(11)";"rising";"MAX(18)"
"Z SCO";"16";"6";"0.7";"-21";"43";"59.5";"358.9";"<9.7-13.0>";17;"fading";"MIN(31)";"rising";"rising";"rising";"rising";"rising";"rising";"MAX(23)";"fading";"fading";"fading";"fading"
"R HER";"16";"6";"11.7";"18";"22";"13.2";"321.3";"<9.3-15.2>";138;"fading";"fading";"MIN(26)";"rising";"rising";"rising";"rising";"MAX(5)";"fading";"fading";"fading";"fading";"fading"
"U SER";"16";"7";"17.65";"9";"55";"52.5";"237.9";"<8.2-13.5>";96;"fading";"fading";"fading";"fading";"MIN(4)";"rising";"rising";"MAX(21)";"fading";"fading";"fading";"MIN(28)";"rising"
"X SCO";"16";"8";"31.91";"-21";"31";"50.3";"198.4";"<10.4-13.8>";12;"rising";"MAX(4)";"fading";"fading";"MIN(3)";"rising";"rising";"MAX(21)";"fading";"fading";"MIN(18)";"rising";"rising"
"RU HER";"16";"10";"14.52";"25";"4";"14.4";"482.0";"<8.2-13.0>";513;"MIN(19)";"rising";"rising";"rising";"rising";"rising";"rising";"rising";"rising";"MAX(12)";"fading";"fading";"fading"
"W SCO";"16";"11";"45.78";"-20";"8";"13.4";"221.1";"<12.4-16.0>";12;"rising";"rising";"rising";"MAX(4)";"fading";"fading";"MIN(21)";"rising";"rising";"rising";"MAX(11)";"fading";"fading"
"W CRB";"16";"15";"24.54";"37";"47";"44.1";"236.5";"<8.3-13.6>";205;"rising";"rising";"MAX(4)";"fading";"fading";"fading";"MIN(13)";"rising";"rising";"MAX(28)";"fading";"fading";"fading"
"R SCO";"16";"17";"39.07";"-22";"56";"40.5";"221.8";"<9.8-14.2>";31;"MAX(20)";"fading";"fading";"MIN(26)";"rising";"rising";"rising";"MAX(30)";"fading";"fading";"fading";"MIN(3)";"rising"
"S SCO";"16";"17";"40.2";"-22";"53";"35.8";"178.1";"<11.2-15.5>";52;"rising";"MAX(13)";"fading";"fading";"MIN(12)";"rising";"rising";"MAX(10)";"fading";"fading";"MIN(8)";"rising";"rising"
"W OPH";"16";"21";"24.46";"-7";"42";"0.2";"329.7";"<10.5-14.6>";48;"rising";"rising";"MAX(17)";"fading";"fading";"fading";"fading";"fading";"fading";"MIN(8)";"rising";"rising";"rising"
"U HER";"16";"25";"47.47";"18";"53";"32.8";"404.3";"<8.1-12.4>";317;"fading";"fading";"fading";"fading";"fading";"fading";"fading";"MIN(13)";"rising";"rising";"rising";"rising";"MAX(24)"
"V OPH";"16";"26";"43.7";"-12";"25";"35.7";"299.5";"<7.9-10.4>";75;"MIN(30)";"rising";"rising";"rising";"rising";"rising";"MAX(3)";"fading";"fading";"fading";"MIN(26)";"rising";"rising"
"Y SCO";"16";"29";"26.42";"-19";"20";"50.7";"356.7";"<11.7-16.1>";8;"MAX(4)";"fading";"fading";"fading";"fading";"fading";"fading";"MIN(2)";"rising";"rising";"rising";"MAX(26)";"fading"
"R UMI";"16";"29";"57.9";"72";"16";"49.1";"315.6";"<9.7-10.2>";189;"rising";"rising";"rising";"rising";"MAX(12)";"fading";"fading";"fading";"MIN(31)";"rising";"rising";"rising";"rising"
"R DRA";"16";"32";"40.22";"66";"45";"17.8";"243.9";"<6.3-11.5>";500;"MIN(31)";"rising";"rising";"rising";"MAX(28)";"fading";"fading";"fading";"fading";"MIN(1)";"rising";"rising";"MAX(28)"
"SS HER";"16";"32";"55.54";"6";"51";"29.6";"107.2";"<9.2-12.8>";203;"MAX(24)";"fading";"MIN(24)";"rising";"MAX(10)";"fading";"MIN(11)";"MAX(26)";"fading";"MIN(26)";"rising";"MAX(10)";"fading"
"T OPH";"16";"33";"43.54";"-16";"7";"54.3";"367.6";"<10.5-15.1>";31;"fading";"fading";"fading";"fading";"MIN(16)";"rising";"rising";"rising";"rising";"MAX(26)";"fading";"fading";"fading"
"S OPH";"16";"34";"15.22";"-17";"9";"39.2";"234.7";"<10.1-14.6>";33;"fading";"MIN(15)";"rising";"rising";"rising";"MAX(1)";"fading";"fading";"fading";"MIN(7)";"rising";"rising";"MAX(21)"
"W HER";"16";"35";"12.31";"37";"20";"43";"280.8";"<8.1-13.1>";240;"MIN(19)";"rising";"rising";"rising";"MAX(30)";"fading";"fading";"fading";"fading";"MIN(26)";"rising";"rising";"rising"
"RR OPH";"16";"49";"2.46";"-19";"27";"52.3";"290.5";"<9.0-14.3>";39;"fading";"fading";"fading";"MIN(3)";"rising";"rising";"rising";"MAX(8)";"fading";"fading";"fading";"fading";"MIN(19)"
"S HER";"16";"51";"53.92";"14";"56";"30.6";"309.6";"<7.5-12.7>";231;"fading";"fading";"fading";"fading";"MIN(12)";"rising";"rising";"rising";"rising";"MAX(1)";"fading";"fading";"fading"
"RS SCO";"16";"55";"37.81";"-45";"6";"10.8";"318.3";"<6.6-11.9>";34;"fading";"MIN(14)";"rising";"rising";"rising";"MAX(24)";"fading";"fading";"fading";"fading";"fading";"MIN(28)";"rising"
"RR SCO";"16";"56";"37.84";"-30";"34";"48.2";"283.1";"<6.6-11.3>";78;"fading";"fading";"fading";"MIN(12)";"rising";"rising";"rising";"rising";"MAX(2)";"fading";"fading";"fading";"MIN(20)"
"SS OPH";"16";"57";"50.98";"-2";"45";"42.4";"180.5";"<9.1-14.4>";41;"MIN(13)";"rising";"MAX(28)";"fading";"fading";"fading";"MIN(11)";"rising";"MAX(28)";"fading";"fading";"fading";"MIN(8)"
"RV HER";"17";"0";"33.24";"31";"13";"24";"207.1";"<10.4-15.3>";91;"fading";"fading";"fading";"MIN(11)";"rising";"rising";"MAX(17)";"fading";"fading";"fading";"MIN(4)";"rising";"rising"
"RT SCO";"17";"3";"32.56";"-36";"55";"13.6";"443.0";"<9.9-16.5>";16;"MIN(3)";"rising";"rising";"rising";"MAX(28)";"fading";"fading";"fading";"fading";"MIN(12)";"MAX(25)";"fading";"fading"
"R OPH";"17";"7";"45.82";"-16";"5";"34.1";"304.9";"<8.3-13.9>";50;"fading";"fading";"fading";"fading";"fading";"MIN(21)";"rising";"rising";"rising";"MAX(29)";"fading";"fading";"fading"
"RT HER";"17";"10";"48.01";"27";"3";"59.1";"300.0";"<10.4-16.0>";88;"fading";"fading";"MIN(10)";"rising";"rising";"rising";"MAX(9)";"fading";"fading";"fading";"fading";"fading";"MIN(7)"
"RW SCO";"17";"14";"51.67";"-33";"25";"54.5";"385.1";"<11.8-16.7>";16;"MIN(24)";"rising";"rising";"rising";"rising";"MAX(14)";"fading";"fading";"fading";"fading";"fading";"fading";"fading"
"Z OPH";"17";"19";"32.11";"1";"30";"54.2";"349.9";"<8.1-12.0>";210;"fading";"fading";"MIN(21)";"rising";"rising";"rising";"rising";"MAX(18)";"fading";"fading";"fading";"fading";"fading"
"RS HER";"17";"21";"42.35";"22";"55";"15.9";"221.0";"<8.0-12.6>";273;"MAX(27)";"fading";"fading";"fading";"MIN(11)";"rising";"rising";"rising";"MAX(5)";"fading";"fading";"MIN(18)";"rising"
"RU OPH";"17";"32";"52.63";"9";"25";"24.8";"202.7";"<9.5-13.9>";62;"rising";"MAX(2)";"fading";"fading";"MIN(6)";"rising";"rising";"MAX(23)";"fading";"fading";"MIN(26)";"rising";"rising"
"RU SCO";"17";"42";"25.21";"-43";"45";"1.2";"371.4";"<8.9-13.9>";25;"rising";"rising";"rising";"rising";"MAX(11)";"fading";"fading";"fading";"fading";"fading";"fading";"MIN(24)";"rising"
"SV SCO";"17";"48";"19.99";"-35";"42";"4.7";"252.6";"<10.6-14.6>";14;"rising";"rising";"rising";"MAX(7)";"fading";"fading";"fading";"MIN(10)";"rising";"rising";"rising";"MAX(15)";"fading"
"W PAV";"17";"50";"26.94";"-62";"24";"33";"279.0";"<9.5-15.0>";6;"MIN(5)";"rising";"rising";"rising";"MAX(9)";"fading";"fading";"fading";"fading";"MIN(10)";"rising";"rising";"rising"
"U ARA";"17";"53";"37.61";"-51";"41";"14.3";"218.8";"<6.3-11.5>";16;"fading";"fading";"MIN(26)";"rising";"rising";"rising";"MAX(6)";"fading";"fading";"fading";"MIN(3)";"rising";"rising"
"T DRA";"17";"56";"23.31";"58";"13";"6.2";"422.3";"<10.5-13.0>";112;"MAX(11)";"fading";"fading";"fading";"fading";"fading";"fading";"fading";"MIN(2)";"rising";"rising";"rising";"rising"
"RT OPH";"17";"56";"32.04";"11";"10";"10";"427.4";"<9.9-14.5>";87;"rising";"rising";"rising";"MAX(31)";"fading";"fading";"fading";"fading";"fading";"fading";"fading";"fading";"MIN(16)"
"V DRA";"17";"58";"14.52";"54";"52";"18";"277.3";"<10.3-14.3>";85;"rising";"MAX(16)";"fading";"fading";"fading";"fading";"MIN(15)";"rising";"rising";"rising";"MAX(21)";"fading";"fading"
"RY HER";"17";"59";"44.77";"19";"28";"53.6";"221.7";"<8.9-13.9>";85;"fading";"fading";"fading";"MIN(1)";"rising";"rising";"MAX(9)";"fading";"fading";"fading";"MIN(8)";"rising";"rising"
"W DRA";"18";"5";"34.66";"65";"57";"21.8";"283.2";"<10.2-15.6>";242;"MAX(2)";"fading";"fading";"fading";"fading";"MIN(13)";"rising";"rising";"rising";"MAX(11)";"fading";"fading";"fading"
"X DRA";"18";"6";"52.22";"66";"9";"19.5";"257.0";"<11.2-15.8>";182;"fading";"fading";"MIN(17)";"rising";"rising";"rising";"MAX(12)";"fading";"fading";"fading";"fading";"MIN(1)";"rising"
"S OCT";"18";"8";"44.49";"-86";"47";"55.6";"257.5";"<7.9-13.9>";8;"fading";"MIN(25)";"rising";"rising";"rising";"MAX(7)";"fading";"fading";"fading";"fading";"MIN(9)";"rising";"rising"
"T HER";"18";"9";"6.2";"31";"1";"16.2";"164.2";"<8.3-13.1>";405;"fading";"MIN(2)";"rising";"MAX(23)";"fading";"fading";"MIN(16)";"rising";"rising";"MAX(3)";"fading";"MIN(27)";"rising"
"R PAV";"18";"12";"52.96";"-63";"36";"57.3";"231.9";"<8.0-13.8>";6;"fading";"fading";"MIN(13)";"rising";"rising";"MAX(19)";"fading";"fading";"fading";"fading";"MIN(2)";"rising";"rising"
"TV HER";"18";"14";"40.55";"31";"49";"9.5";"304.4";"<10.7-16.2>";83;"rising";"rising";"MAX(11)";"fading";"fading";"fading";"fading";"fading";"MIN(8)";"rising";"rising";"rising";"MAX(12)"
"W LYR";"18";"14";"55.87";"36";"40";"13.1";"195.9";"<7.9-11.9>";359;"rising";"MAX(26)";"fading";"fading";"MIN(30)";"rising";"rising";"rising";"MAX(10)";"fading";"fading";"MIN(12)";"rising"
"RY OPH";"18";"16";"36.94";"3";"41";"35.3";"149.7";"<8.6-13.2>";129;"fading";"fading";"MIN(5)";"rising";"MAX(26)";"fading";"fading";"MIN(5)";"rising";"MAX(22)";"fading";"fading";"MIN(1)"
"SV HER";"18";"26";"23.08";"25";"1";"33";"238.4";"<10.0-15.2>";87;"MAX(31)";"fading";"fading";"fading";"fading";"MIN(20)";"rising";"rising";"MAX(26)";"fading";"fading";"fading";"fading"
"RV SGR";"18";"27";"56.08";"-33";"19";"29.3";"316.3";"<8.5-13.6>";33;"rising";"MAX(9)";"fading";"fading";"fading";"fading";"MIN(25)";"rising";"rising";"rising";"rising";"MAX(22)";"fading"
"T SER";"18";"28";"48.73";"6";"17";"52.6";"340.2";"<10.1-14.5>";143;"fading";"MIN(24)";"rising";"rising";"rising";"rising";"rising";"rising";"MAX(1)";"fading";"fading";"fading";"MIN(30)"
"SV DRA";"18";"33";"38.41";"49";"22";"19.8";"256.8";"<9.8-14.6>";162;"fading";"fading";"fading";"MIN(7)";"rising";"rising";"MAX(22)";"fading";"fading";"fading";"fading";"MIN(18)";"rising"
"RZ HER";"18";"36";"47.01";"26";"2";"57.3";"329.3";"<9.9-15.3>";70;"rising";"rising";"MAX(13)";"fading";"fading";"fading";"fading";"fading";"MIN(21)";"rising";"rising";"rising";"rising"
"X OPH";"18";"38";"21.13";"8";"50";"2.7";"327.9";"<6.8-8.4>";460;"fading";"fading";"fading";"fading";"MIN(23)";"rising";"rising";"rising";"rising";"rising";"MAX(10)";"fading";"fading"
"RY LYR";"18";"44";"52.1";"34";"40";"33.3";"322.9";"<10.3-14.4>";269;"MIN(9)";"rising";"rising";"rising";"rising";"MAX(1)";"fading";"fading";"fading";"fading";"MIN(28)";"rising";"rising"
"RW LYR";"18";"45";"10.14";"43";"38";"7.6";"503.6";"<12.4-17.1>";105;"fading";"fading";"fading";"fading";"fading";"fading";"fading";"fading";"fading";"MIN(4)";"rising";"rising";"rising"
"RX LYR";"18";"54";"10.01";"32";"49";"51.2";"246.9";"<12.0-16.9>";97;"rising";"rising";"MAX(19)";"fading";"fading";"fading";"fading";"MIN(11)";"rising";"rising";"MAX(24)";"fading";"fading"
"Z LYR";"18";"59";"36.79";"34";"57";"16.3";"293.6";"<10.1-14.7>";116;"fading";"fading";"MIN(10)";"rising";"rising";"rising";"rising";"MAX(4)";"fading";"fading";"fading";"fading";"MIN(1)"
"RT LYR";"19";"1";"14.89";"37";"31";"20.2";"252.6";"<10.2-14.9>";146;"MIN(18)";"rising";"rising";"rising";"MAX(11)";"fading";"fading";"fading";"MIN(27)";"rising";"rising";"rising";"MAX(19)"
"ST SGR";"19";"1";"29.2";"-12";"45";"34.1";"390.5";"<8.3-15.7>";44;"rising";"rising";"rising";"rising";"rising";"MAX(3)";"fading";"fading";"fading";"fading";"fading";"fading";"MIN(12)"
"R AQL";"19";"6";"22.24";"8";"13";"48";"269.5";"<6.7-10.9>";507;"fading";"fading";"fading";"MIN(14)";"rising";"rising";"rising";"MAX(24)";"fading";"fading";"fading";"fading";"MIN(9)"
"V LYR";"19";"9";"4.54";"29";"39";"29.6";"373.5";"<11.3-16.3>";40;"fading";"fading";"fading";"fading";"fading";"MIN(25)";"rising";"rising";"rising";"rising";"MAX(26)";"fading";"fading"
"U DRA";"19";"10";"0.64";"67";"16";"36.5";"314.9";"<9.9-13.4>";136;"MIN(20)";"rising";"rising";"rising";"rising";"rising";"MAX(11)";"fading";"fading";"fading";"MIN(31)";"rising";"rising"
"RU LYR";"19";"12";"21.24";"41";"18";"13.5";"370.1";"<10.5-14.5>";169;"fading";"fading";"fading";"fading";"fading";"fading";"MIN(9)";"rising";"rising";"rising";"rising";"MAX(24)";"fading"
"RS LYR";"19";"13";"1.32";"33";"24";"49.1";"305.0";"<10.3-14.8>";130;"rising";"rising";"rising";"rising";"MAX(12)";"fading";"fading";"fading";"fading";"MIN(8)";"rising";"rising";"rising"
"S LYR";"19";"13";"11.8";"26";"0";"28.1";"438.3";"<11.7-15.9>";141;"fading";"fading";"fading";"fading";"fading";"fading";"MIN(5)";"rising";"rising";"rising";"rising";"MAX(19)";"fading"
"RX SGR";"19";"14";"32.64";"-18";"48";"42.9";"333.0";"<9.4-14.0>";87;"fading";"fading";"fading";"MIN(12)";"rising";"rising";"rising";"rising";"rising";"MAX(4)";"fading";"fading";"fading"
"W AQL";"19";"15";"23.38";"-7";"2";"50.3";"490.3";"<10.5-14.8>";51;"fading";"fading";"fading";"fading";"fading";"fading";"MIN(4)";"rising";"rising";"rising";"rising";"rising";"MAX(1)"
"T SGR";"19";"16";"14.44";"-16";"58";"17.1";"390.2";"<8.5-11.8>";74;"MIN(11)";"rising";"rising";"rising";"rising";"rising";"MAX(23)";"fading";"fading";"fading";"fading";"fading";"fading"
"R SGR";"19";"16";"41.8";"-19";"18";"27.6";"271.7";"<7.1-12.4>";68;"rising";"MAX(2)";"fading";"fading";"fading";"MIN(20)";"rising";"rising";"rising";"rising";"MAX(1)";"fading";"fading"
"TY SGR";"19";"17";"42.82";"-23";"56";"24.6";"321.6";"<9.1-14.1>";39;"rising";"rising";"rising";"MAX(19)";"fading";"fading";"fading";"fading";"fading";"MIN(6)";"rising";"rising";"rising"
"S SGR";"19";"19";"25.93";"-19";"1";"24.7";"231.0";"<10.5-14.6>";54;"MAX(3)";"fading";"fading";"fading";"MIN(24)";"rising";"rising";"MAX(22)";"fading";"fading";"fading";"fading";"MIN(11)"
"Z SGR";"19";"19";"43.21";"-20";"55";"34.7";"451.6";"<9.3-14.7>";46;"MAX(11)";"fading";"fading";"fading";"fading";"MIN(23)";"rising";"rising";"MAX(10)";"MIN(20)";"rising";"rising";"rising"
"SW SGR";"19";"19";"52.45";"-31";"42";"53.8";"286.6";"<11.6-14.7>";17;"rising";"rising";"rising";"MAX(31)";"fading";"fading";"fading";"fading";"MIN(25)";"rising";"rising";"rising";"rising"
"U LYR";"19";"20";"9.15";"37";"52";"36";"452.3";"<9.6-11.9>";185;"rising";"rising";"rising";"rising";"MAX(25)";"fading";"fading";"fading";"fading";"fading";"MIN(17)";"rising";"rising"
"TY CYG";"19";"33";"51.89";"28";"19";"43.7";"348.1";"<9.4-14.4>";185;"fading";"fading";"fading";"MIN(23)";"rising";"rising";"rising";"rising";"rising";"rising";"MAX(11)";"fading";"fading"
"R CYG";"19";"36";"49.38";"50";"11";"59.4";"427.3";"<8.1-14.9>";367;"fading";"fading";"fading";"fading";"fading";"fading";"MIN(18)";"rising";"rising";"rising";"rising";"MAX(27)";"fading"
"RT AQL";"19";"38";"1.6";"11";"43";"18.1";"326.5";"<9.3-13.9>";171;"fading";"MIN(10)";"rising";"rising";"rising";"MAX(15)";"fading";"fading";"fading";"fading";"fading";"fading";"MIN(2)"
"RV AQL";"19";"40";"43.06";"9";"55";"51.4";"217.7";"<9.8-14.6>";90;"MAX(24)";"fading";"fading";"fading";"MIN(23)";"rising";"rising";"MAX(30)";"fading";"fading";"fading";"MIN(27)";"rising"
"RT CYG";"19";"43";"37.77";"48";"46";"41.3";"190.8";"<7.3-11.7>";398;"rising";"MAX(26)";"fading";"fading";"fading";"MIN(1)";"rising";"rising";"MAX(5)";"fading";"fading";"MIN(8)";"rising"
"TU CYG";"19";"46";"10.66";"49";"4";"24.4";"220.2";"<9.8-14.8>";161;"rising";"rising";"MAX(24)";"fading";"fading";"fading";"MIN(17)";"rising";"rising";"rising";"MAX(3)";"fading";"fading"
"KHI CYG";"19";"50";"33.91";"32";"54";"50.6";"410.3";"<5.6-12.8>";1355;"rising";"rising";"rising";"MAX(23)";"fading";"fading";"fading";"fading";"fading";"fading";"MIN(31)";"rising";"rising"
"T PAV";"19";"50";"43.48";"-71";"46";"17.2";"239.4";"<8.3-12.9>";3;"fading";"fading";"fading";"MIN(28)";"rising";"rising";"MAX(27)";"fading";"fading";"fading";"fading";"MIN(23)";"rising"
"X AQL";"19";"51";"29.8";"4";"27";"51.6";"350.9";"<9.5-14.6>";83;"fading";"fading";"fading";"fading";"MIN(23)";"rising";"rising";"rising";"rising";"MAX(20)";"fading";"fading";"fading"
"S PAV";"19";"55";"13.96";"-59";"11";"44.3";"388.7";"<7.6-9.3>";35;"fading";"fading";"MIN(6)";"rising";"rising";"rising";"rising";"rising";"rising";"MAX(21)";"fading";"fading";"fading"
"RR SGR";"19";"55";"56.42";"-29";"11";"24.1";"340.9";"<7.0-13.0>";65;"rising";"MAX(13)";"fading";"fading";"fading";"fading";"fading";"MIN(26)";"rising";"rising";"rising";"rising";"MAX(20)"
"RR AQL";"19";"57";"36.06";"-1";"53";"11.2";"393.6";"<9.5-14.6>";24;"MAX(14)";"fading";"fading";"fading";"MIN(5)";"MAX(12)";"fading";"fading";"fading";"MIN(6)";"rising";"rising";"rising"
"RU SGR";"19";"58";"42.87";"-41";"50";"57.9";"240.3";"<6.9-13.1>";47;"rising";"MAX(18)";"fading";"fading";"fading";"fading";"MIN(9)";"rising";"rising";"MAX(15)";"fading";"fading";"fading"
"RS AQL";"19";"59";"6.58";"-7";"53";"2.5";"413.9";"<9.9-14.3>";65;"fading";"fading";"MIN(4)";"rising";"rising";"rising";"rising";"rising";"rising";"rising";"MAX(5)";"fading";"fading"
"Z CYG";"20";"1";"27.46";"50";"2";"32.6";"265.5";"<8.2-13.4>";230;"fading";"fading";"fading";"MIN(5)";"rising";"rising";"MAX(19)";"fading";"fading";"fading";"fading";"MIN(25)";"rising"
"S CYG";"20";"5";"29.96";"57";"59";"8.7";"322.5";"<10.6-16.4>";193;"rising";"rising";"rising";"rising";"MAX(14)";"fading";"fading";"fading";"fading";"MIN(23)";"rising";"rising";"rising"
"SY AQL";"20";"7";"5.4";"12";"57";"6.3";"355.6";"<9.9-15.2>";41;"fading";"fading";"fading";"MIN(4)";"rising";"rising";"rising";"MAX(10)";"fading";"fading";"fading";"fading";"fading"
"R CAP";"20";"11";"18.34";"-14";"16";"3.3";"343.2";"<11.6-15.0>";63;"MIN(11)";"rising";"rising";"rising";"MAX(19)";"fading";"fading";"fading";"fading";"fading";"fading";"MIN(19)";"rising"
"S AQL";"20";"11";"37.47";"15";"37";"14.5";"147.3";"<9.7-12.0>";224;"MIN(18)";"rising";"MAX(10)";"fading";"fading";"MIN(15)";"rising";"MAX(7)";"fading";"fading";"MIN(9)";"rising";"MAX(2)"
"RU AQL";"20";"12";"44.82";"12";"59";"41.2";"274.9";"<9.7-14.4>";74;"rising";"MAX(19)";"fading";"fading";"fading";"fading";"MIN(19)";"rising";"rising";"rising";"MAX(20)";"fading";"fading"
"RS CYG";"20";"13";"23.65";"38";"43";"44.5";"411.1";"<7.4-8.8>";377;"MIN(6)";"rising";"rising";"rising";"rising";"MAX(3)";"fading";"MIN(7)";"MAX(24)";"fading";"fading";"fading";"fading"
"W CAP";"20";"14";"29";"-21";"58";"45";"207.7";"<11.2-15.9>";30;"rising";"MAX(27)";"fading";"fading";"fading";"MIN(20)";"rising";"rising";"MAX(22)";"fading";"fading";"fading";"MIN(14)"
"R TEL";"20";"14";"45.11";"-46";"58";"54.9";"456.0";"<8.6-13.3>";22;"MIN(4)";"rising";"rising";"rising";"rising";"rising";"rising";"rising";"MAX(14)";"fading";"fading";"fading";"fading"
"R DEL";"20";"14";"55.14";"9";"5";"21";"285.8";"<8.6-13.6>";94;"MAX(31)";"fading";"fading";"fading";"fading";"fading";"MIN(23)";"rising";"rising";"rising";"MAX(13)";"fading";"fading"
"Z AQL";"20";"15";"11.03";"-6";"9";"3.8";"129.0";"<9.8-13.6>";86;"rising";"rising";"MAX(3)";"fading";"MIN(6)";"rising";"MAX(12)";"fading";"MIN(13)";"rising";"MAX(19)";"fading";"MIN(20)"
"SX CYG";"20";"15";"33.52";"31";"4";"20.1";"409.2";"<8.8-14.7>";303;"rising";"rising";"rising";"MAX(27)";"fading";"fading";"fading";"fading";"fading";"fading";"fading";"MIN(21)";"rising"
"RT SGR";"20";"17";"43.64";"-39";"6";"46";"307.1";"<7.4-13.1>";22;"rising";"rising";"rising";"rising";"rising";"MAX(6)";"fading";"fading";"fading";"fading";"MIN(1)";"rising";"rising"
"WX CYG";"20";"18";"33.26";"37";"26";"59.1";"407.5";"<10.0-12.0>";135;"rising";"rising";"rising";"MAX(8)";"fading";"fading";"fading";"fading";"MIN(26)";"rising";"rising";"rising";"rising"
"U CYG";"20";"19";"36.59";"47";"53";"39";"463.0";"<7.8-10.9>";388;"fading";"MIN(8)";"rising";"rising";"rising";"rising";"rising";"rising";"rising";"MAX(22)";"fading";"fading";"fading"
"U MIC";"20";"29";"15.77";"-40";"25";"1.3";"333.5";"<9.6-15.4>";19;"rising";"rising";"rising";"MAX(8)";"fading";"fading";"fading";"fading";"fading";"fading";"MIN(6)";"rising";"rising"
"ST CYG";"20";"32";"33.48";"54";"57";"0.5";"338.4";"<10.3-13.6>";873;"rising";"rising";"MAX(25)";"fading";"fading";"fading";"fading";"MIN(26)";"rising";"rising";"rising";"rising";"rising"
"RU CAP";"20";"32";"34.01";"-21";"41";"25.5";"349.2";"<10.0-15.1>";26;"fading";"MAX(28)";"fading";"fading";"MIN(27)";"rising";"rising";"rising";"MAX(25)";"fading";"fading";"fading";"MIN(30)"
"Z DEL";"20";"32";"39.15";"17";"27";"3.3";"307.6";"<10.1-15.3>";79;"fading";"fading";"fading";"MIN(23)";"rising";"rising";"rising";"rising";"MAX(18)";"fading";"fading";"fading";"fading"
"R MIC";"20";"40";"2.99";"-28";"47";"31.2";"139.5";"<8.8-13.4>";35;"fading";"MIN(6)";"rising";"MAX(7)";"fading";"MIN(26)";"rising";"MAX(25)";"fading";"fading";"MIN(12)";"rising";"MAX(11)"
"V CYG";"20";"41";"18.27";"48";"8";"28.7";"424.5";"<8.4-11.9>";90;"fading";"fading";"fading";"fading";"fading";"MIN(25)";"rising";"rising";"rising";"rising";"rising";"rising";"MAX(17)"
"Y DEL";"20";"41";"38.98";"11";"52";"38.3";"471.2";"<10.0-17.5>";98;"MAX(22)";"fading";"fading";"fading";"fading";"fading";"fading";"fading";"fading";"fading";"MIN(24)";"rising";"rising"
"S DEL";"20";"43";"4.87";"17";"5";"17.3";"278.2";"<9.2-12.0>";192;"MIN(18)";"rising";"rising";"rising";"MAX(6)";"fading";"fading";"fading";"fading";"MIN(22)";"rising";"rising";"rising"
"Y AQR";"20";"44";"25.07";"-4";"50";"0.5";"382.9";"<9.6-14.6>";49;"fading";"fading";"MIN(24)";"rising";"MAX(20)";"fading";"fading";"MIN(31)";"rising";"rising";"rising";"MAX(28)";"fading"
"T DEL";"20";"45";"21.04";"16";"23";"55.8";"334.6";"<9.6-14.5>";79;"rising";"MAX(9)";"fading";"fading";"fading";"fading";"fading";"MIN(20)";"rising";"rising";"rising";"rising";"MAX(10)"
"W AQR";"20";"46";"25.01";"-4";"5";"0.3";"384.3";"<9.2-13.5>";29;"rising";"rising";"rising";"MAX(22)";"fading";"fading";"fading";"fading";"fading";"fading";"MIN(17)";"rising";"rising"
"V DEL";"20";"47";"46.03";"19";"20";"6.7";"532.6";"<11.5-16.8>";79;"fading";"MIN(5)";"rising";"rising";"rising";"rising";"rising";"MAX(13)";"fading";"fading";"fading";"fading";"fading"
"U CAP";"20";"48";"8.59";"-14";"47";"1.1";"203.2";"<11.9-15.3>";40;"MIN(4)";"rising";"rising";"MAX(15)";"fading";"fading";"MIN(25)";"rising";"rising";"rising";"MAX(5)";"fading";"fading"
"T AQR";"20";"49";"56.4";"-5";"8";"48";"202.8";"<8.2-13.0>";42;"fading";"MIN(16)";"rising";"rising";"MAX(17)";"fading";"fading";"fading";"MIN(7)";"rising";"rising";"MAX(5)";"fading"
"RZ CYG";"20";"51";"53.19";"47";"21";"20.4";"276.2";"<11.0-12.3>";200;"rising";"rising";"MAX(1)";"fading";"fading";"fading";"MIN(27)";"rising";"rising";"rising";"rising";"MAX(4)";"fading"
"X DEL";"20";"54";"54.13";"17";"38";"29.9";"280.0";"<9.6-14.6>";94;"MIN(2)";"rising";"rising";"MAX(24)";"fading";"fading";"fading";"fading";"fading";"MIN(8)";"rising";"rising";"MAX(29)"
"UX CYG";"20";"55";"5.5";"30";"24";"52";"574.5";"<12.3-16.7>";76;"rising";"rising";"rising";"rising";"MAX(2)";"fading";"fading";"fading";"fading";"fading";"fading";"fading";"fading"
"X CEP";"20";"56";"10.14";"83";"3";"25.4";"530.7";"<10.8-16.6>";31;"fading";"MIN(12)";"rising";"rising";"rising";"rising";"rising";"MAX(19)";"fading";"fading";"fading";"fading";"fading"
"S IND";"20";"56";"23.27";"-54";"19";"26.7";"408.8";"<8.8-18.7>";22;"fading";"fading";"fading";"fading";"MIN(16)";"rising";"rising";"rising";"rising";"MAX(13)";"fading";"fading";"fading"
"RR CAP";"21";"2";"20.77";"-27";"5";"14.8";"274.7";"<10.1-15.9>";25;"fading";"fading";"fading";"fading";"fading";"MIN(2)";"rising";"rising";"MAX(19)";"fading";"fading";"fading";"fading"
"R VUL";"21";"4";"22.5";"23";"49";"18";"137.3";"<7.0-12.2>";205;"MIN(14)";"rising";"MAX(21)";"fading";"MIN(30)";"rising";"rising";"MAX(8)";"fading";"MIN(15)";"rising";"MAX(22)";"fading"
"TW CYG";"21";"5";"59.69";"29";"24";"21.3";"345.4";"<10.4-14.1>";134;"fading";"fading";"fading";"fading";"MIN(9)";"rising";"rising";"rising";"rising";"MAX(30)";"fading";"fading";"fading"
"V CAP";"21";"7";"36.64";"-23";"55";"13.5";"276.4";"<8.7-13.9>";38;"fading";"fading";"MIN(7)";"rising";"rising";"rising";"MAX(9)";"fading";"fading";"fading";"fading";"MIN(11)";"rising"
"X CAP";"21";"8";"33.01";"-21";"20";"51.7";"216.6";"<12.4-16.6>";29;"MAX(30)";"fading";"fading";"fading";"MIN(18)";"rising";"rising";"rising";"MAX(4)";"fading";"fading";"MIN(21)";"rising"
"T CEP";"21";"9";"31.78";"68";"29";"27.2";"381.3";"<6.5-9.8>";1533;"rising";"rising";"rising";"rising";"rising";"rising";"rising";"MAX(2)";"fading";"fading";"fading";"MIN(17)";"rising"
"Z CAP";"21";"10";"37.51";"-16";"10";"25.2";"181.4";"<10.0-14.5>";48;"rising";"rising";"MAX(19)";"fading";"fading";"MIN(26)";"rising";"rising";"MAX(19)";"fading";"fading";"MIN(23)";"rising"
"RS AQR";"21";"10";"58.12";"-4";"1";"40.1";"212.1";"<10.4-13.6>";133;"fading";"MIN(17)";"rising";"rising";"MAX(22)";"fading";"fading";"fading";"MIN(17)";"rising";"rising";"MAX(21)";"fading"
"R EQU";"21";"13";"11.48";"12";"48";"6.1";"262.4";"<9.5-14.9>";63;"fading";"fading";"MIN(19)";"rising";"rising";"rising";"MAX(6)";"fading";"fading";"fading";"fading";"MIN(8)";"rising"
"RR AQR";"21";"15";"1.31";"-2";"53";"44.9";"182.6";"<9.3-13.4>";80;"MIN(10)";"rising";"MAX(21)";"fading";"fading";"fading";"MIN(11)";"rising";"MAX(22)";"fading";"fading";"fading";"MIN(11)"
"X PEG";"21";"20";"59.84";"14";"27";"0.3";"202.1";"<9.9-13.8>";83;"fading";"MIN(3)";"rising";"rising";"MAX(11)";"fading";"fading";"MIN(24)";"rising";"rising";"MAX(30)";"fading";"fading"
"T CAP";"21";"22";"0.82";"-15";"9";"33";"270.5";"<10.2-15.2>";34;"MIN(7)";"rising";"rising";"MAX(28)";"fading";"fading";"fading";"fading";"fading";"MIN(4)";"rising";"rising";"MAX(24)"
"S MIC";"21";"26";"44.09";"-29";"51";"4.7";"210.1";"<9.1-13.5>";33;"rising";"MAX(22)";"fading";"fading";"fading";"MIN(8)";"rising";"rising";"MAX(20)";"fading";"fading";"fading";"MIN(4)"
"Y CAP";"21";"34";"22.92";"-13";"58";"29.3";"415.6";"<11.5-16.6>";45;"rising";"rising";"rising";"rising";"rising";"rising";"rising";"MAX(2)";"fading";"fading";"fading";"fading";"fading"
"S CEP";"21";"35";"12.83";"78";"37";"28.1";"486.8";"<7.1-9.3>";569;"rising";"rising";"rising";"MAX(19)";"fading";"fading";"fading";"fading";"fading";"fading";"MIN(3)";"rising";"rising"
"RU CYG";"21";"40";"39.08";"54";"19";"28.8";"231.6";"<8.4-8.8>";269;"MAX(10)";"fading";"fading";"fading";"MIN(13)";"rising";"rising";"MAX(30)";"fading";"fading";"fading";"fading";"MIN(1)"
"RR PEG";"21";"44";"30.59";"25";"0";"26.3";"266.2";"<9.8-14.9>";83;"fading";"MIN(14)";"rising";"rising";"rising";"MAX(8)";"fading";"fading";"fading";"fading";"MIN(7)";"rising";"rising"
"R GRU";"21";"48";"31.75";"-46";"54";"50.4";"329.7";"<7.9-14.2>";23;"rising";"rising";"rising";"MAX(30)";"fading";"fading";"fading";"fading";"fading";"fading";"MIN(4)";"rising";"rising"
"V PEG";"22";"1";"2.57";"6";"7";"11";"303.8";"<8.7-14.6>";98;"fading";"fading";"fading";"MIN(16)";"rising";"rising";"rising";"MAX(9)";"fading";"fading";"fading";"fading";"fading"
"S PSA";"22";"3";"45.83";"-28";"3";"4.2";"271.1";"<8.5-15.1>";24;"MAX(24)";"fading";"fading";"fading";"fading";"fading";"MIN(7)";"rising";"rising";"MAX(21)";"fading";"fading";"fading"
"RT PEG";"22";"4";"10.12";"35";"7";"18.4";"215.6";"<11.1-16.0>";116;"fading";"MIN(26)";"rising";"rising";"rising";"MAX(9)";"fading";"fading";"MIN(30)";"rising";"rising";"rising";"MAX(11)"
"RZ PEG";"22";"5";"52.96";"33";"30";"24.8";"439.1";"<8.6-12.1>";83;"MAX(17)";"fading";"fading";"fading";"fading";"fading";"fading";"fading";"MIN(23)";"rising";"rising";"rising";"rising"
"T PEG";"22";"8";"54.3";"12";"32";"24.5";"378.6";"<9.7-14.9>";91;"rising";"rising";"rising";"rising";"rising";"MAX(12)";"fading";"fading";"fading";"fading";"MIN(30)";"rising";"rising"
"Y PEG";"22";"11";"37.48";"14";"21";"55.9";"207.2";"<10.6-15.4>";112;"MAX(16)";"fading";"fading";"fading";"MIN(5)";"rising";"rising";"MAX(11)";"fading";"fading";"MIN(29)";"rising";"rising"
"RS PEG";"22";"12";"16.18";"14";"33";"12.2";"422.3";"<9.8-13.6>";92;"rising";"rising";"rising";"rising";"rising";"rising";"MAX(5)";"fading";"fading";"fading";"fading";"fading";"MIN(13)"
"RS LAC";"22";"12";"52.53";"43";"45";"0.7";"236.4";"<10.4-12.1>";241;"MAX(3)";"fading";"fading";"MIN(17)";"rising";"rising";"rising";"MAX(27)";"fading";"fading";"fading";"MIN(9)";"rising"
"R PSA";"22";"18";"0.19";"-29";"36";"13.8";"296.3";"<9.3-14.8>";26;"rising";"rising";"rising";"MAX(11)";"fading";"fading";"fading";"fading";"fading";"MIN(5)";"rising";"rising";"rising"
"X AQR";"22";"18";"39.31";"-20";"54";"4.1";"312.5";"<8.1-14.4>";37;"MAX(10)";"fading";"fading";"fading";"fading";"fading";"MIN(2)";"rising";"rising";"rising";"MAX(18)";"fading";"fading"
"RV PEG";"22";"25";"36.8";"30";"28";"21.3";"394.8";"<9.6-15.8>";103;"rising";"MAX(3)";"fading";"fading";"fading";"fading";"fading";"fading";"fading";"MIN(2)";"rising";"rising";"rising"
"T GRU";"22";"25";"40.93";"-37";"34";"9.1";"137.8";"<8.9-11.5>";54;"MAX(15)";"fading";"MIN(14)";"rising";"rising";"MAX(2)";"fading";"MIN(2)";"rising";"MAX(17)";"fading";"MIN(17)";"rising"
"S GRU";"22";"26";"5.46";"-48";"26";"18.8";"402.0";"<9.3-15.3>";24;"fading";"fading";"fading";"MIN(12)";"rising";"rising";"rising";"rising";"rising";"MAX(6)";"fading";"fading";"fading"
"S LAC";"22";"29";"0.9";"40";"18";"55.9";"240.4";"<8.2-13.0>";118;"MAX(22)";"fading";"fading";"fading";"MIN(24)";"rising";"rising";"rising";"MAX(20)";"fading";"fading";"fading";"MIN(21)"
"R IND";"22";"36";"0.39";"-67";"17";"15.9";"216.8";"<8.4-13.4>";4;"fading";"fading";"MIN(16)";"rising";"rising";"rising";"MAX(8)";"fading";"fading";"MIN(21)";"rising";"rising";"rising"
"T TUC";"22";"40";"33.48";"-61";"33";"13.6";"255.4";"<8.9-13.5>";4;"rising";"rising";"MAX(7)";"fading";"fading";"MIN(28)";"rising";"rising";"rising";"rising";"MAX(21)";"fading";"fading"
"R LAC";"22";"43";"15.64";"42";"22";"11.2";"298.2";"<9.4-14.3>";20;"rising";"rising";"rising";"MAX(18)";"fading";"fading";"fading";"fading";"fading";"MIN(4)";"rising";"rising";"rising"
"S AQR";"22";"57";"6.48";"-20";"20";"35.4";"281.4";"<8.6-14.8>";72;"fading";"fading";"MIN(6)";"rising";"rising";"MAX(31)";"fading";"fading";"fading";"fading";"fading";"MIN(14)";"rising"
"RW PEG";"23";"4";"11.48";"15";"18";"11.9";"209.0";"<9.1-14.4>";129;"rising";"rising";"rising";"MAX(4)";"fading";"fading";"MIN(22)";"rising";"rising";"MAX(29)";"fading";"fading";"fading"
"R PEG";"23";"6";"39.17";"10";"32";"36";"373.9";"<7.7-12.2>";233;"MIN(6)";"rising";"rising";"rising";"rising";"MAX(27)";"fading";"fading";"fading";"fading";"fading";"fading";"MIN(15)"
"V CAS";"23";"11";"40.72";"59";"41";"58.9";"228.1";"<7.2-12.0>";722;"rising";"rising";"MAX(14)";"fading";"fading";"fading";"MIN(18)";"rising";"rising";"MAX(30)";"fading";"fading";"fading"
"W PEG";"23";"19";"50.5";"26";"16";"43.6";"349.0";"<8.6-12.9>";135;"fading";"MIN(23)";"rising";"rising";"rising";"rising";"MAX(12)";"fading";"fading";"fading";"fading";"fading";"fading"
"S PEG";"23";"20";"32.62";"8";"55";"8.1";"320.5";"<7.8-12.1>";81;"rising";"rising";"rising";"MAX(23)";"fading";"fading";"fading";"fading";"fading";"MIN(2)";"rising";"rising";"rising"
"V PHE";"23";"32";"27.25";"-45";"59";"19.1";"256.7";"<9.2-13.6>";18;"fading";"fading";"fading";"MIN(23)";"rising";"rising";"rising";"MAX(19)";"fading";"fading";"fading";"fading";"MIN(4)"
"ST AND";"23";"38";"45.13";"35";"46";"21.2";"330.4";"<9.0-11.0>";138;"rising";"rising";"rising";"rising";"rising";"MAX(14)";"fading";"fading";"fading";"MIN(30)";"rising";"rising";"rising"
"R AQR";"23";"43";"49.45";"-15";"17";"4.1";"379.2";"<9.7-13.0>";1620;"fading";"fading";"MIN(28)";"rising";"rising";"rising";"rising";"MAX(23)";"fading";"fading";"fading";"fading";"fading"
"Z CAS";"23";"44";"31.54";"56";"34";"52.3";"496.0";"<9.8-14.6>";123;"rising";"rising";"rising";"rising";"MAX(4)";"fading";"fading";"fading";"fading";"fading";"fading";"fading";"fading"
"RR CAS";"23";"55";"49.01";"53";"43";"29.3";"300.7";"<10.8-14.4>";64;"fading";"fading";"MIN(1)";"rising";"rising";"rising";"rising";"MAX(1)";"fading";"fading";"fading";"MIN(29)";"rising"
"R PHE";"23";"56";"27.55";"-49";"47";"12.5";"269.9";"<8.2-13.4>";19;"MIN(14)";"rising";"rising";"rising";"rising";"MAX(2)";"fading";"fading";"fading";"MIN(10)";"rising";"rising";"rising"
"R TUC";"23";"57";"26.35";"-65";"23";"4.8";"281.7";"<8.7-18.9>";1;"fading";"fading";"fading";"fading";"fading";"MIN(14)";"rising";"rising";"MAX(26)";"fading";"fading";"fading";"fading"
"V CET";"23";"57";"54.07";"-8";"57";"31.3";"260.9";"<9.7-14.4>";81;"fading";"fading";"MIN(15)";"rising";"rising";"rising";"MAX(6)";"fading";"fading";"fading";"fading";"MIN(3)";"rising"
"R CAS";"23";"58";"24.87";"51";"23";"19.7";"429.2";"<5.4-11.2>";434;"fading";"fading";"fading";"fading";"fading";"fading";"fading";"fading";"MIN(9)";"rising";"rising";"rising";"rising"
